arm,query_idx,ttft_ms,tool_hit
B1_Bloat,0,16308.05837502703,1
B1_Bloat,1,14725.88183300104,1
B1_Bloat,2,12947.859415959101,1
B1_Bloat,3,12751.158583036158,1
B1_Bloat,4,12890.99799998803,1
B1_Bloat,5,12851.71308403369,1
B1_Bloat,6,12491.915499966126,1
B1_Bloat,7,12663.056791003328,0
B1_Bloat,8,12695.954499999061,1
B1_Bloat,9,12485.728958970867,1
B1_Bloat,10,12676.044082967564,1
B1_Bloat,11,12589.492166007403,1
B1_Bloat,12,12518.254709022585,1
B1_Bloat,13,12362.064000044484,1
B1_Bloat,14,12328.519292001147,1
B1_Bloat,15,12402.32329099672,1
B1_Bloat,16,12506.457042007241,1
B1_Bloat,17,12459.335708001163,1
B1_Bloat,18,12421.494791982695,1
B1_Bloat,19,12425.887041026726,1
B1_Bloat,20,12428.410290973261,1
B1_Bloat,21,12468.163790996186,1
B1_Bloat,22,12424.15004200302,1
B1_Bloat,23,12292.4407919636,1
B1_Bloat,24,12356.295874982607,1
B1_Bloat,25,12356.512582977302,1
B1_Bloat,26,12350.191458011977,1
B1_Bloat,27,12431.302249955479,1
B1_Bloat,28,12427.35041596461,1
B1_Bloat,29,12359.365958021954,1
B1_Bloat,30,12398.120791011024,1
B1_Bloat,31,12455.71775001008,1
B1_Bloat,32,12307.88845900679,1
B1_Bloat,33,12220.361082989257,1
B1_Bloat,34,12358.894042030443,1
B1_Bloat,35,12304.313958971761,1
B1_Bloat,36,12320.154708984774,1
B1_Bloat,37,12397.027291997802,1
B1_Bloat,38,12245.893082988914,1
B1_Bloat,39,12326.924749999307,1
B1_Bloat,40,12308.29762504436,1
B1_Bloat,41,12373.416541027837,1
B1_Bloat,42,12313.330582983326,1
B1_Bloat,43,12399.755374994129,1
B1_Bloat,44,12361.319957999513,0
B1_Bloat,45,12334.23237502575,1
B1_Bloat,46,12584.702917025425,1
B1_Bloat,47,12336.036125023384,1
B1_Bloat,48,12317.664417030755,1
B1_Bloat,49,12422.438959009014,1
B1_Bloat,50,12327.357499976642,1
B1_Bloat,51,12291.37183300918,1
B1_Bloat,52,12318.637541029602,1
B1_Bloat,53,12322.979749995284,1
B1_Bloat,54,12329.344375000801,1
B1_Bloat,55,12276.431665988639,1
B1_Bloat,56,12253.060874994844,1
B1_Bloat,57,12300.78729201341,1
B1_Bloat,58,12260.979916958604,1
B1_Bloat,59,12209.34458298143,1
B1_Bloat,60,12293.567791988607,1
B1_Bloat,61,12237.688291002996,1
B1_Bloat,62,12347.22299996065,1
B1_Bloat,63,12189.124875003472,1
B1_Bloat,64,12388.885833963286,1
B1_Bloat,65,12282.190750003792,1
B1_Bloat,66,12293.982999981381,1
B1_Bloat,67,12432.849125005305,1
B1_Bloat,68,12313.175916962791,1
B1_Bloat,69,12322.914208984002,1
B1_Bloat,70,12344.114375009667,1
B1_Bloat,71,12313.551249972079,1
B1_Bloat,72,12241.138874960598,1
B1_Bloat,73,12236.846250016242,1
B1_Bloat,74,12219.283709011506,1
B1_Bloat,75,12171.927042014431,1
B1_Bloat,76,12237.471166998148,1
B1_Bloat,77,12252.324292028788,1
B1_Bloat,78,12192.67449999461,1
B1_Bloat,79,12105.71195895318,1
B1_Bloat,80,12087.82529097516,1
B1_Bloat,81,12138.665709004272,1
B1_Bloat,82,12124.47024998255,1
B1_Bloat,83,12178.71050001122,1
B1_Bloat,84,12175.882124982309,1
B1_Bloat,85,12094.94470799109,1
B1_Bloat,86,12069.158500002231,1
B1_Bloat,87,12048.424375010654,1
B1_Bloat,88,12014.147749985568,1
B1_Bloat,89,12087.852250027936,1
B1_Bloat,90,13202.504041022621,1
B1_Bloat,91,12664.298207964748,1
B1_Bloat,92,13342.308207997121,1
B1_Bloat,93,12918.796791986097,1
B1_Bloat,94,12967.909084050916,1
B1_Bloat,95,12537.753875018097,1
B1_Bloat,96,12731.456457986496,1
B1_Bloat,97,12801.878583966754,1
B1_Bloat,98,12474.279332964215,1
B1_Bloat,99,12530.76058399165,1
B3_Baseline,0,2988.5569580364972,1
B3_Baseline,1,2351.914292026777,1
B3_Baseline,2,2148.4324999619275,1
B3_Baseline,3,2136.2677500001155,1
B3_Baseline,4,2124.2782920016907,1
B3_Baseline,5,1408.8652079808526,1
B3_Baseline,6,2098.162707989104,0
B3_Baseline,7,2083.6468750494532,0
B3_Baseline,8,2130.488916998729,1
B3_Baseline,9,2094.5137080270797,1
B3_Baseline,10,1353.079499967862,1
B3_Baseline,11,1361.7516670492478,1
B3_Baseline,12,1339.759457972832,1
B3_Baseline,13,1341.8937919777818,1
B3_Baseline,14,1331.1203329940327,1
B3_Baseline,15,2080.054874997586,1
B3_Baseline,16,1338.644707982894,1
B3_Baseline,17,1347.702750004828,1
B3_Baseline,18,1390.6956250430085,1
B3_Baseline,19,1328.5101249930449,1
B3_Baseline,20,1330.772583023645,1
B3_Baseline,21,1342.0157499494962,1
B3_Baseline,22,1334.695583966095,1
B3_Baseline,23,1336.062915972434,1
B3_Baseline,24,1335.886583023239,1
B3_Baseline,25,1328.0123340082355,1
B3_Baseline,26,1307.8259160392918,1
B3_Baseline,27,1325.7935000001453,1
B3_Baseline,28,1340.8235000097193,1
B3_Baseline,29,1330.8461249689572,1
B3_Baseline,30,1509.4592919922434,1
B3_Baseline,31,1516.7604580055922,1
B3_Baseline,32,1518.4451660024934,1
B3_Baseline,33,1503.3030419726856,1
B3_Baseline,34,2060.0224590161815,0
B3_Baseline,35,1492.1045000082813,1
B3_Baseline,36,1503.7602090160362,1
B3_Baseline,37,1512.189542001579,1
B3_Baseline,38,1488.1427910295315,1
B3_Baseline,39,1517.0576249947771,1
B3_Baseline,40,2053.6435829708353,1
B3_Baseline,41,2106.5898339729756,1
B3_Baseline,42,2036.0060000093654,1
B3_Baseline,43,2078.2742500305176,1
B3_Baseline,44,1319.6589999715798,0
B3_Baseline,45,2042.1777500305325,1
B3_Baseline,46,2234.7832079976797,1
B3_Baseline,47,2039.710416982416,1
B3_Baseline,48,2025.0512919737957,1
B3_Baseline,49,2051.5461250324734,1
B3_Baseline,50,1515.8039999660105,1
B3_Baseline,51,1509.7918329993263,1
B3_Baseline,52,1528.6689579952508,1
B3_Baseline,53,1502.663791005034,1
B3_Baseline,54,1504.5575840049423,1
B3_Baseline,55,1499.8639579862356,1
B3_Baseline,56,1510.8619579696096,1
B3_Baseline,57,1497.40012496477,1
B3_Baseline,58,1501.223667000886,1
B3_Baseline,59,1502.0523340208456,1
B3_Baseline,60,2051.4066670439206,1
B3_Baseline,61,2054.9701250274666,1
B3_Baseline,62,2091.3557920139283,1
B3_Baseline,63,2032.8109580441378,1
B3_Baseline,64,2097.922374960035,1
B3_Baseline,65,2068.831416021567,0
B3_Baseline,66,2044.0444580162875,1
B3_Baseline,67,1488.955833017826,1
B3_Baseline,68,2049.7107089613564,1
B3_Baseline,69,1501.2843330041505,0
B3_Baseline,70,1312.549666967243,1
B3_Baseline,71,1313.6756669846363,1
B3_Baseline,72,1299.8664579936303,1
B3_Baseline,73,1307.3771249619313,1
B3_Baseline,74,1314.442874980159,1
B3_Baseline,75,1309.0887910220772,1
B3_Baseline,76,1339.5618749782443,1
B3_Baseline,77,1315.4486250132322,1
B3_Baseline,78,1307.2565000038594,1
B3_Baseline,79,1298.7113329581916,1
B3_Baseline,80,1497.2272909944877,1
B3_Baseline,81,1490.6990829622373,1
B3_Baseline,82,1471.9690830097534,1
B3_Baseline,83,1489.0291250194423,1
B3_Baseline,84,1541.091624996625,1
B3_Baseline,85,1486.71683302382,1
B3_Baseline,86,1466.9172919820994,1
B3_Baseline,87,1514.7214999888092,1
B3_Baseline,88,1496.4103340171278,1
B3_Baseline,89,2053.309832990635,0
B3_Baseline,90,1415.7764170086011,1
B3_Baseline,91,1342.355625005439,1
B3_Baseline,92,1629.0644590044394,0
B3_Baseline,93,1357.04849998001,1
B3_Baseline,94,1335.6758749578148,1
B3_Baseline,95,1311.1707500065677,1
B3_Baseline,96,2228.1104170251638,1
B3_Baseline,97,1342.3268750193529,1
B3_Baseline,98,1377.8302500140853,1
B3_Baseline,99,1381.9624159950763,1
Nexus_Production,0,272.1327079925686,1
Nexus_Production,1,178.3907919889316,1
Nexus_Production,2,262.5755000044592,1
Nexus_Production,3,207.61029096320271,1
Nexus_Production,4,182.62295797467232,0
Nexus_Production,5,167.92312503093854,0
Nexus_Production,6,204.62666702223942,1
Nexus_Production,7,183.35120799019933,0
Nexus_Production,8,174.00041699875146,1
Nexus_Production,9,179.32816699612886,1
Nexus_Production,10,172.20512503990903,1
Nexus_Production,11,168.73004200169817,1
Nexus_Production,12,165.28979199938476,1
Nexus_Production,13,195.3432920272462,1
Nexus_Production,14,171.69262503739446,1
Nexus_Production,15,171.49929096922278,0
Nexus_Production,16,165.37100001005456,1
Nexus_Production,17,173.4937920118682,1
Nexus_Production,18,169.49983302038163,1
Nexus_Production,19,178.80737502127886,1
Nexus_Production,20,182.55483300890774,1
Nexus_Production,21,189.66429098509252,1
Nexus_Production,22,202.87670800462365,1
Nexus_Production,23,210.16241697361693,1
Nexus_Production,24,229.1650419938378,1
Nexus_Production,25,248.96120798075572,1
Nexus_Production,26,309.0819590142928,1
Nexus_Production,27,296.4985420112498,1
Nexus_Production,28,296.23170802369714,1
Nexus_Production,29,313.1403750157915,1
Nexus_Production,30,354.8806250328198,1
Nexus_Production,31,298.3352080336772,1
Nexus_Production,32,315.21349999820814,1
Nexus_Production,33,288.80691598169506,1
Nexus_Production,34,258.60383303370327,0
Nexus_Production,35,287.26283402647823,1
Nexus_Production,36,229.26337498938665,1
Nexus_Production,37,239.0188749996014,1
Nexus_Production,38,240.33570801839232,1
Nexus_Production,39,238.70495799928904,1
Nexus_Production,40,239.77412498788908,1
Nexus_Production,41,249.3187080253847,1
Nexus_Production,42,249.03545901179314,1
Nexus_Production,43,248.112500004936,1
Nexus_Production,44,235.86795799201354,0
Nexus_Production,45,240.30695902183652,1
Nexus_Production,46,245.95070903887972,1
Nexus_Production,47,253.84550000308082,1
Nexus_Production,48,236.77191697061062,1
Nexus_Production,49,229.1812080075033,1
Nexus_Production,50,230.38837499916553,1
Nexus_Production,51,258.7770840036683,0
Nexus_Production,52,254.25687502138317,1
Nexus_Production,53,240.02504197414964,1
Nexus_Production,54,243.13058302504942,1
Nexus_Production,55,217.77649997966364,1
Nexus_Production,56,239.6124160150066,1
Nexus_Production,57,235.99304200615734,1
Nexus_Production,58,235.0958750466816,1
Nexus_Production,59,238.01500000990927,1
Nexus_Production,60,242.96416697325185,1
Nexus_Production,61,240.00824999529868,1
Nexus_Production,62,233.75866696005687,1
Nexus_Production,63,256.1433329829015,1
Nexus_Production,64,222.3862920072861,1
Nexus_Production,65,294.7895829565823,1
Nexus_Production,66,263.6802499764599,1
Nexus_Production,67,246.74170796060935,1
Nexus_Production,68,268.4846249758266,1
Nexus_Production,69,309.60891605354846,0
Nexus_Production,70,214.92795797530562,1
Nexus_Production,71,226.25116701237857,1
Nexus_Production,72,238.6772920144722,1
Nexus_Production,73,217.56379096768796,1
Nexus_Production,74,217.03404205618426,1
Nexus_Production,75,269.38075001817197,1
Nexus_Production,76,215.65120801096782,1
Nexus_Production,77,201.00541703868657,1
Nexus_Production,78,218.14220899250358,1
Nexus_Production,79,229.16787501890212,1
Nexus_Production,80,215.45012498972937,1
Nexus_Production,81,232.95829200651497,1
Nexus_Production,82,231.60937504144385,1
Nexus_Production,83,227.02304198173806,1
Nexus_Production,84,220.2318329946138,1
Nexus_Production,85,223.59058301663026,1
Nexus_Production,86,235.82091700518504,1
Nexus_Production,87,209.94049997534603,1
Nexus_Production,88,226.76766704535112,1
Nexus_Production,89,299.9468340422027,0
Nexus_Production,90,275.1707090064883,1
Nexus_Production,91,295.1412499533035,1
Nexus_Production,92,327.0009160041809,0
Nexus_Production,93,398.5390829620883,1
Nexus_Production,94,329.9345829873346,1
Nexus_Production,95,347.3949579638429,1
Nexus_Production,96,319.2949999938719,0
Nexus_Production,97,301.1897500255145,1
Nexus_Production,98,404.83374998439103,1
Nexus_Production,99,335.32479201676324,1
