path,stage,stage_order,source,latency_us,latency_ms,p99_us,n
PathA_Splice,tokenization_intent,1,python,162.895,0.1629,166.849,10
PathA_Splice,dense_embed,2,python,22614.001,22.614,52423.4,10
PathA_Splice,ce_rerank_invoked,4,python,3453.771,3.4538,10526.373,10
PathA_Splice,ce_rerank_amortized,5,python_amortized,690.754,0.6908,2105.275,10
PathA_Splice,suffix_recompute_residual,7,cpp_residual,180840.541,180.8405,262069.178,10
PathA_Splice,total_stacked,99,sum,207761.962,207.762,0.0,10
PathB_L0Hit,tokenization_intent,1,python,162.895,0.1629,166.849,10
PathB_L0Hit,dense_embed,2,python,22614.001,22.614,52423.4,10
PathB_L0Hit,ce_rerank_invoked,4,python,3453.771,3.4538,10526.373,10
PathB_L0Hit,ce_rerank_amortized,5,python_amortized,690.754,0.6908,2105.275,10
PathB_L0Hit,suffix_recompute_residual,7,cpp_residual,180840.541,180.8405,262069.178,10
PathB_L0Hit,total_stacked,99,sum,207761.962,207.762,0.0,10
