claim,prior_wording,location,supporting_artifact,supporting_symbol,status,rewrite
What Nexus is,"production gateway / KV-MMU that eliminates redundant prefill","old main.tex title/abstract/concl",CANONICAL_RESULTS_MANIFEST.json,src/nexus_gateway.py,REWRITE_FOR_PRECISION,"prototype user-space KV-MMU that MITIGATES prefill for bounded shallow-prefix regime"
Eliminates prefill,"eliminates this wall entirely / eliminates it entirely","old main.tex:164,552,572",e2e_clean_n30.json,nexus_agent.py:380 _prefix_cache_text_fallback,DELETE,"replaced with 'bypasses for P<=256, falls back to text prefill beyond'"
Headline = TTFT,"Gateway TTFT P50 237.4 ms","old main.tex:36,107,357,379",gateway_run[1-5].json (decode_us=0),test/bench_gateway_e2e.py:95,REWRITE_FOR_PRECISION,"renamed 'routing+splice latency 160.2ms (n=500)', explicitly NOT TTFT"
Macro TTFT values,"BFC 12.35s/BRP 1.50s/Nexus 237.4ms","old Table I",e2e_clean_n30.json,bench_e2e.py,REWRITE_FOR_PRECISION,"BFC 9754ms/0.97, BRP 1214ms/0.93, N1x 518ms/0.87 (true TTFT, n=30)"
Speedup vs B_RP,"6.3x","old main.tex:36,166,386,576",e2e_clean_n30.json,n/a,REWRITE_FOR_PRECISION,"2.34x like-for-like (518 vs 1214 ms true TTFT); 6.3x deleted as unlike-quantity"
Speedup vs B_FC,"52x","old main.tex:166,387",e2e_clean_n30.json,n/a,REWRITE_FOR_PRECISION,"18.8x; labeled strawman"
Equivalent accuracy,"without loss in routing fidelity / equivalent","old 06_eval,abstract,concl",e2e_clean_n30.json,n/a,DELETE,"stated as ~6-point trade-off (0.87 vs 0.93 n=30; gateway 0.89 n=500), CIs wide"
Pareto dominance,"strictly dominates both baselines","old fig:pareto caption",pareto_frontier.csv (v1_1),n/a,DELETE,"trades ~6 accuracy points for 2.34x latency; does not dominate on accuracy"
L0 hit/copy,"3.04us / 69.5%","abstract,body",l0_seed_[0-9].json,nexus_seq_warm_cache.cpp,KEEP_AS_IS,"3.06us median / 69.5% (10 seeds) — reproduces"
Dense Recall@1,"0.87","V.A",recall_miss_analysis.json,test/nexus_retrieval.py,KEEP_AS_IS,"0.87 reproduces exactly"
CE Recall@1,"0.90 / 91% end-to-end","old V.B:339-341",recall_miss_analysis.json,scripts/analyze_recall_misses.py,REWRITE_FOR_PRECISION,"CE Recall@1 0.88 (meets_target=false); removed fabricated 91% combined"
P20 calibration,"tau ~ 0.01365, 20% fire","V.B",nexus_calibration_regen.py,src/nexus_calibration.py,KEEP_AS_IS,"bit-exact reproducible"
CE size,"22M-parameter BERT-class",V.C,results/tool_cross_encoder_finetuned_v3/config.json,n/a,KEEP_BUT_WEAKEN,"6-layer 384-hidden 12-head MiniLM-class (~22M)"
Leakage-free,"eliminating the risk of data leakage",V.C,training data provenance,scripts/train_cross_encoder.py,KEEP_BUT_WEAKEN,"training-provenance claim; no leakage probe run -> stated as such"
Zero-copy,"true zero-copy KV cache injection","old IV.D",orchestrator.cpp:374 cout,nexus_io_async.hpp:314,REWRITE_FOR_PRECISION,"zero-copy restricted to BLOCK RESIDENCY; splice is seq_cp + recompute"
Zero dynamic heap alloc,"all critical path operations","old abstract/concl",arenas reserve(),nexus_seq_warm_cache.hpp,KEEP_BUT_WEAKEN,"C++ hot path only; Python routing allocates per call"
Path B integrated,"falls back ... (implied measured)",IV.B,none (not exercised),nexus_agent.py:369-372,MOVE_TO_LIMITATIONS,"implemented + reachable but NOT exercised end-to-end by any benchmark"
SLB 4.19us scan,"4.19us P50 @100","old VI waterfall/scalability",scalability_curve.csv,src/nexus_slb.cpp,MOVE_TO_LIMITATIONS,"pre-freeze, NOT regenerated -> cited as legacy only"
RoPE boundary P1024,"KL 5.72 nats","VII, abstract",physics_boundary_rope.csv + g4_gate_verdict.json,n/a,KEEP_BUT_WEAKEN,"pre-freeze evidence label; corroborated by g4_gate_verdict; motivating not headline"
Causal isolation,"blockmask acc 0.0","VII",bench_n1m_fidelity_blockmask.json,n/a,KEEP_AS_IS,"well-supported negative result n=20"
Memory-bandwidth tradeoff,"strict memory-bandwidth tradeoff (causal)","old VII:514-516",none,n/a,MOVE_TO_FUTURE_WORK,"unmeasured causal claim -> 'plausible but unmeasured, future work'"
Production gateway,"production gateway",title/body,n/a (no load test),src/nexus_gateway.py,REWRITE_FOR_PRECISION,"prototype; no deployment/load evidence"
Generality,"(implied universal)",throughout,single host/model artifacts,n/a,DELETE,"explicit single-host/single-model scope statement added"
Futurism,"future of efficient agentic serving ... intelligent memory management","old concl:589-592",none,n/a,DELETE,"removed; conclusion ends on measured bounded takeaways"
Architectural novelty,"true architectural novelty of Nexus","old related work:545",n/a,n/a,KEEP_BUT_WEAKEN,"'targets a different regime'; no outperformance claim vs vLLM/SGLang"
