claim,evidence_class,canonical_artifact,value,n
gateway routing+splice latency,IMPLEMENTED_AND_MEASURED,gateway_run[1-5].json,160.2ms P50 (sigma 0.6),500
gateway routing accuracy,IMPLEMENTED_AND_MEASURED,gateway_run[1-5].json,0.89,500
end-to-end TTFT N1x,IMPLEMENTED_AND_MEASURED,e2e_clean_n30.json,518ms P50,30
end-to-end TTFT B_RP,IMPLEMENTED_AND_MEASURED,e2e_clean_n30.json,1214ms P50,30
end-to-end TTFT B_FC,IMPLEMENTED_AND_MEASURED,e2e_clean_n30.json,9754ms P50,30
speedup N1x vs B_RP (true TTFT),MEASURED,e2e_clean_n30.json,2.34x,30
N1x accuracy vs B_RP,MEASURED_BUT_WIDE_CI,e2e_clean_n30.json,0.87 vs 0.93,30
L0 copy P50,IMPLEMENTED_AND_MEASURED,l0_seed_[0-9].json,3.06us median,10
L0 hit rate,IMPLEMENTED_AND_MEASURED,l0_seed_[0-9].json,69.5pct,10
dense Recall@1,IMPLEMENTED_AND_MEASURED,recall_miss_analysis.json,0.87,100
CE Recall@1,MEASURED_TARGET_MISSED,recall_miss_analysis.json,0.88 (target 0.90),100
CE fire rate,IMPLEMENTED_AND_MEASURED,recall_miss_analysis.json,0.20,100
P20 margin tau,IMPLEMENTED_AND_MEASURED,nexus_calibration_regen.py,0.013646852970123292,calib
Path A P256 fidelity,UNKNOWN_PROVENANCE_PREFREEZE,physics_boundary_rope.csv,KL 0.0076 top1 1.0,prefreeze
RoPE P1024 divergence,NEGATIVE_RESULT_WELL_SUPPORTED,g4_gate_verdict.json + physics_boundary_rope.csv,KL 5.72 / not viable,prefreeze+gate
blockmask causal isolation,NEGATIVE_RESULT_WELL_SUPPORTED,bench_n1m_fidelity_blockmask.json,KL 0.0 / acc 0.0,20
SLB scan latency,UNKNOWN_PROVENANCE_PREFREEZE,scalability_curve.csv,4.19us @100,prefreeze
ML ablation (calibration helps),IMPLEMENTED_NOT_REGENERATED,ml_ablation_table.csv,dense0.87/v0 0.85/v1 0.89,100
Path B P>256 end-to-end,IMPLEMENTED_NOT_MEASURED,none,n/a (wired nexus_agent.py:369),0
zero-copy block residency,IMPLEMENTED_NOT_MEASURED,none (cout telemetry),n/a,0
ColBERT MaxSim graveyard,NEGATIVE_RESULT_N1,bench_phase22_maxsim.json,709us / R@1 0.72,1
