metric,doc_locations,old_value_runA,old_value_runB_paper,canonical_v1.1,canonical_artifact,decision,notes
gateway_routing_latency_p50_ms,"README:15/167; RELEASE:14/52; architecture.md:202/213/250; internals.md:295; main.tex abstract/107/164/357; 01_abstract; 06_evaluation:25; 09_conclusion; verify_paper_math.py; PAPER_MASTER_METRICS.json; pareto_frontier.csv",171.3,237.4,160.2,results/v1.1_canonical/raw/gateway_run[1-5].json,REWRITE,"n=500 (5x100); std 0.6ms; across-run 159.4-161.2. Neither old value reproduces. RENAME: this is routing+splice latency NOT TTFT (decode_us=0)."
gateway_accuracy,"same as above",0.91,0.89,0.89,results/v1.1_canonical/raw/gateway_run[1-5].json,KEEP,"Stable 0.89 across all 5 runs; matches paper Run B (0.89), not Run A (0.91)."
true_ttft_nexus_N1x_ms,"NOT currently a headline (should be)",NA,NA,518,results/v1.1_canonical/raw/e2e_clean_n30.json,ADD,"True TTFT incl first token (n=30 clean serial). acc 0.87. Honest Nexus latency for like-for-like comparison."
B3_BRP_ttft_p50_ms,"README:20/167; RELEASE:16; architecture.md:210; main.tex:357/107; 06_evaluation:23",1330,1498.6,1214,results/v1.1_canonical/raw/e2e_clean_n30.json,REWRITE,"n=30 clean serial, acc 0.93. Consistent with prior committed runs (1330/1498) once contention removed."
B1_BFC_ttft_p50_ms,"RELEASE:17; architecture.md:214; main.tex; 06_evaluation:23",9480,12345.7,9754,results/v1.1_canonical/raw/e2e_clean_n30.json,REWRITE,"Strawman, n=30 clean, acc 0.97. Keep 'do not cite as fair baseline'."
speedup_vs_BRP,"README:18/167; architecture.md:204; main.tex:36/166/364/554; 06_evaluation:25; verify_paper_math.py",6.3x,6.3x,2.34x,derived (N1x 518 vs B3 1214 clean),REWRITE,"OLD 6.3x divided route-only latency by full-TTFT B3 (not like-for-like). Honest like-for-like N1x-vs-B3 = 2.34x (clean n=30). Route-only-vs-B3 would be a misleading 7.6x."
speedup_vs_BFC,"main.tex:37/166/365; 06_evaluation:25",52x,52x,18.8x,derived (N1x 518 vs B1 9754 clean),REWRITE,"Like-for-like N1x-vs-B1=18.8x. Strawman comparison; label as such."
L0_hit_rate_pct,"README; results/README:32; architecture.md:229; main.tex:28; l0_radix_metrics.csv",66,69.5,69.5,results/v1.1_canonical/raw/l0_seed_[0-9].json,KEEP,"10-seed reproduces paper Run B exactly (58-80%). README's 66% (n=1) superseded."
L0_copy_p50_us,"README:29; architecture.md:227; main.tex:27; l0_radix_metrics.csv",3.042,3.042,3.06,results/v1.1_canonical/raw/l0_seed_[0-9].json,KEEP,"median 3.06us (range 2.67-3.13). De-precision the 3.042."
CE_recall_at_1,"README; RELEASE:19; architecture.md:166/221/253; results/README:33; recall_*v2.json",0.90,0.90,0.88,results/v1.1_canonical/raw/recall_miss_analysis.json,REWRITE,"Regenerated 0.88; meets_target=false (target 0.90). Dense R@1 0.87 reproduces exactly."
dense_recall_at_1,"architecture.md:123/220; results/README:33",0.87,0.87,0.87,results/v1.1_canonical/raw/recall_miss_analysis.json,KEEP,"Exact reproduction."
CE_fire_rate,"README:31; RELEASE; architecture.md:221; 05_ml_routing",0.20,0.20,0.20,results/v1.1_canonical/raw/recall_miss_analysis.json,KEEP,"0.20 reproduces."
margin_threshold_tau,"README:31; RELEASE; architecture.md; nexus_calibration.py; 05_ml_routing",0.01365,0.01365,0.013646852970123292,results/v1.1_canonical/nexus_calibration_regen.py,KEEP,"Bit-exact deterministic reproduction."
prod_ttft_ablation_ms,"main.tex:444/459; 06_evaluation:84; PAPER_TABLES.tex:29",NA,307.9,not_regenerated,ml_ablation_table.csv,RECONCILE,"Second prod TTFT from ablation harness (vs 237.4 gateway). Both stale. Label harness; reconcile to canonical or drop one."
SLB_scan_p50_us,"06_evaluation:68; abstract 4.19; scalability_curve.csv; verify_paper_math",4.187,4.187,not_regenerated,scalability_curve.csv,NEEDS_MEASUREMENT,"bench_scalability.py NOT run this pass."
RoPE_KL_P256_5pct,"README:67; architecture.md; physics_boundary_rope.csv; 07_physical",0.0076,0.0076,not_regenerated,physics_boundary_rope.csv,UNSUPPORTED,"CSV header says 'pre-freeze validation records'. aggregate_physics_boundary.py NOT run. Keep ONLY if regenerated or relabel as pre-freeze."
RoPE_KL_P1024_legolink,"README:146; g4_gate_verdict.json; physics_boundary_rope.csv; 07_physical",5.72,5.72,5.72(committed),results/g4_gate_verdict.json,KEEP,"Negative result; g4_gate_verdict consistent. Well-supported."
blockmask_e2e_accuracy,"README:147; RELEASE:75; bench_n1m_fidelity_blockmask.json",0.0,0.0,0.0,results/bench_n1m_fidelity_blockmask.json,KEEP,"Negative result, n=20, tensor KL=0 but acc 0.0. Solid."
colbert_maxsim_p50_us,"README:145; RELEASE:73; architecture.md:182; bench_phase22_maxsim.json",709,709,not_regenerated(n=1),results/bench_phase22_maxsim.json,KEEP_WEAKEN,"Negative result, n=1. Keep as graveyard; note n=1."
hardware_M4_Max,"01_abstract; 09_conclusion (paper)",NA,"Apple M4 Max",Apple Silicon Darwin arm64,artifact hardware field,REWRITE,"Artifacts say generic 'Darwin 25.5.0 arm64'; no M4 Max field. Weaken."
